{"cameraMode":{"drawMode":0,"name":"Shaded","section":"Shading Mode"},"sceneLighting":true,"audioPlay":false,"sceneViewState":{"m_AlwaysRefresh":false,"showFog":true,"showSkybox":true,"showFlares":true,"showImageEffects":true,"showParticleSystems":true,"showVisualEffectGraphs":true,"m_FxEnabled":true},"in2DMode":false,"pivot":{"x":5.3470306396484379,"y":-1.8851213455200196,"z":18.896116256713868},"rotation":{"x":0.09370098263025284,"y":0.3252667784690857,"z":-0.032406918704509738,"w":0.94041508436203},"size":12.12435531616211,"orthographic":false}